title,location,rental_type,feat_amenities,host,same_area,host_location,host_reviews,rental_age
Dreamy Tropical Tree House,Big Island,Island,12,Hosted by Kayte,N,"Twin Falls, ID ·",2,3
Kealakekua Bay Bali Cottage -steps from Bay,Big Island,Entire guesthouse,28,Hosted by Karen,Y,"Big Island, HI ·",480,8
Adorable Garden Gingerbread House,Maui,Entire cottage,,Hosted by Eve,Y,"Makawao, HI ·",366,7
Aloha Nature Lovers,Big Island,Entire cabin,,Hosted by Keith,Y,"Kailua-Kona, HI ·",508,8
Cozy apartment in Holualoa,Big Island,Entire house,25,Hosted by Karoline,Y,"Hōlualoa, HI ·",306,6
Cozy Ohana/Small apartment,Big Island,Entire guesthouse,13,Hosted by Tiffany And Larry,Y,"Kealakekua, HI ·",345,4
Treehouse at Kilauea Volcano,Big Island,Treehouse,22,Hosted by Mahinui,Y,"Volcano, HI ·",424,9
Luxury Studio w/ Private Lanai,Big Island,Entire apartment,,Hosted by Carolyn,Y,"Volcano, HI ·",425,5
Bayview Condo!,Oahu,Entire apartment,38,Hosted by Donald,Y,"Kaneohe, HI ·",104,3
ABSOLUTELY OCEAN FRONT CONDO,Big Island,Entire condominium,,Hosted by Jerry And Alice,Y,"Kailua-Kona, HI ·",507,6
Sunset Beach Treehouse Bungalow !!!,Oahu,Treehouse,,Hosted by John,Y,"Oahu, HI ·",823,9
Eco Hale Hawaii in the Rainforest Lots Of Aloha,Big Island,Entire cabin,26,Hosted by Kaeo & Karl,Y,"Hawaii Island, HI ·",309,6
KING SIZE BED STUDIO JUST STEPS TO THE BEACH,Oahu,Entire condominium,26,Hosted by Elisabet,Y,"Hawaii, HI ·",1365,7
Ocean View 1BR @ The Shores of Maui upscale style,Maui,Entire condominium,38,Hosted by Thomas,Y,"Hawaii, HI ·",417,4
Beautiful Condo in Downtown Kona,Big Island,Entire condominium,21,Hosted by Edward,Y,"Kailua-Kona, HI ·",1001,6
Adventure Treehouse - As featured on HGTV!,Big Island,Tiny house,21,Hosted by Melissa,N,"Bountiful, UT ·",252,2
Front row seats to the lava flow!,Big Island,Tiny house,,Hosted by Sean & Zorro,Y,Kalapana ( LAVA tour guide) and Kapoho ( Snorkel tour guide) BIG ISLAND ·,772,5
Mokuna Tree House,Big Island,Treehouse,,Hosted by Ekaterina,N,"Las Vegas, NV ·",300,5
Hawaiian style Indoor outdoor suite,Oahu,Entire house,,Hosted by Cara,Y,"Honolulu, HI ·",151,6
Spacious Studio By Beach & Hikes,Oahu,Entire guest suite,,Hosted by Damaris,Y,"Hauula, HI ·",323,5
Modern Waikiki Studio 1/2 block from the beach,Oahu,Entire condominium,25,Hosted by Jiyoon,Y,"Honolulu, HI ·",182,3
"Cabin\ Bali Hut, tropical paradise",Big Island,Hut,,Hosted by Louisa,Y,"Pāhoa, HI ·",285,7
HawaiianJungleHangout,Big Island,Entire house,,Hosted by Liz,N,"San Francisco, CA ·",412,9
Cute Kahala Cottage - Walk to Beach,Oahu,Entire guesthouse,21,Hosted by Laurens,Y,"Honolulu, HI ·",301,8
#Private Studio - Waikiki Dream,Oahu,Entire condominium,25,Hosted by Dana,Y,"Honolulu, HI ·",589,5
Aeolani - Panoramic Views / Pool,Big Island,Entire house,,Hosted by Steve,Y,"Kailua-Kona, HI ·",469,5
MAUI DIRECT OCEAN FRONT FOR REAL! Super Private!,Maui,Entire house,17,Hosted by Jay,N,"Los Angeles, CA ·",1920,7
☆Adventure Awaits You in the Trees☆,Big Island,Treehouse,,Hosted by Levi,Y,"Kihei, HI ·",252,4
Honu Ohana - walk to White Sands,Big Island,Entire guest suite,31,Hosted by Liz And Robert,Y,"Kailua-Kona, HI ·",261,6
Waikiki Renovated Modern Studio,Oahu,Entire apartment,36,Hosted by Ash,Y,"Honolulu, HI ·",433,6
Beautiful yurt in tropical paradise,Big Island,Yurt,,Hosted by Rachel,Y,"Keaau, HI ·",474,4
Ocean View Studio in Waikiki,Oahu,Entire apartment,27,Hosted by Nami,Y,"Honolulu, HI ·",304,2
Suite By The Sea-Steps to Waikiki Beach,Oahu,Entire apartment,,Hosted by Evan,Y,"Honolulu, HI ·",1144,8
Renovated Cozy Studio with Great View,Oahu,Entire apartment,33,Hosted by Ash,Y,"Honolulu, HI ·",433,6
THE LOTUS GARDEN-Lo'i Apartment/ Downtown Hilo,Big Island,Entire apartment,14,Hosted by Megan,Y,"Hilo, HI ·",1819,7
Newly Remodeled Private Farm Studio W/ Ocean View,Big Island,Entire guesthouse,,Hosted by Jeff,Y,"Kailua-Kona, HI ·",354,5
Stay in the Heart of Waikiki,Oahu,Entire apartment,29,Hosted by C & C,Y,"Honolulu, HI ·",694,6
Lovely Guest Suite - no cleaning fee,Big Island,Entire guest suite,,Hosted by Maria And Steve,Y,"Hilo, HI ·",558,6
Avocado Tree-House near Pahoa,Big Island,Entire bungalow,,Hosted by Elvira And Hugh,Y,"Pāhoa, HI ·",263,6
Lizard Lookout,Big Island,Entire bungalow,,Hosted by Elizabeth,Y,"Hawaii, HI ·",380,8
Lovely Ocean and Beach views Studio,Molokai,Entire apartment,40,Hosted by Michael,N,"Alaska, AK ·",240,5
"Amazing Paradise Encounter, Hilo - Volcano",Big Island,Entire house,48,Hosted by Morris & Yuka,Y,"Keaau, HI ·",426,7
Gorgeous Tropical Kihei Resort!,Maui,Entire condominium,27,Hosted by Katie,N,"California, CA ·",147,3
Beach Retreat,Oahu,Entire guesthouse,22,Hosted by Alicia,Y,"Hawaii, HI ·",347,3
THE LOTUS GARDEN-Attic Room/Downtown Hilo,Big Island,Room in hotel,,Hosted by Megan,Y,"Hilo, HI ·",1819,7
"Mangolay, a Garden of Eden in Puna",Big Island,Private room in guesthouse,,Hosted by Paul,Y,"Pāhoa, HI ·",281,6
.Volcano Park House,Big Island,Entire apartment,22,Hosted by Ron,Y,"Hilo, HI ·",357,4
Downtown Kona Plaza Gem,Big Island,Entire condominium,,Hosted by Edward,Y,"Kailua-Kona, HI ·",1001,6
Coastline Getaway for 2,Oahu,Entire apartment,21,Hosted by The Turner Family,Y,"Ewa Beach, HI ·",717,7
Ocean View Deluxe Corner Unit,Oahu,Entire condominium,,Hosted by Hide,Y,"Honolulu, HI ·",791,4
Ocean View Deluxe Corner Unit,Oahu,Entire condominium,,Hosted by Hide,Y,"Honolulu, HI ·",791,4
2 BR. 5 MINS. DR. TO WAIKIKI BEACH,Oahu,Entire house,,Hosted by Sonia & James,Y,"Honolulu, HI ·",230,6
Vintage Modern By the Beach,Big Island,Private room in house,,Hosted by Dan,Y,"Kailua-Kona, HI ·",13,5
Sea Cliff House - Ocean front newly remodeled,Oahu,Entire townhouse,21,Hosted by Geoff,Y,"Laie, HI ·",700,7
PRIVATE 1 BEDROOM BEAUTIFUL BEACH FRONT,Oahu,Entire guesthouse,,Hosted by J.,Y,"Laie, HI ·",322,5
Charming Beach #1 Cabana Room Single,Kauai,Private room in apartment,,Hosted by Solveig,Y,"Kauai, HI ·",514,5
Romantic & Relaxing Poolhouse in Waikoloa Village,Big Island,Entire guesthouse,34,Hosted by Bob And Leesa,Y,"Waikoloa Village, HI ·",259,6
"Sunrise and surf,Close to Hilo",Big Island,Private room in house,,Hosted by Jeremiah,Y,"Big island, HI ·",278,6
Namaste Estates,Big Island,Entire cottage,,Hosted by Tom,Y,"Big Island of Hawaii, HI ·",257,4
Spacious Condo/heart of Waikiki beach/FREE PARKIN,Oahu,Entire apartment,39,Hosted by Saichi,Y,"Honolulu, HI ·",913,5
Heavenly Hawaii 4 Bed Ocean View⛵️,Oahu,Entire loft,,Hosted by Penny & Cannon,Y,"Hawaii, HI ·",285,5
Romantic Treehouse in the Hawaiian Rainforest.,Big Island,Treehouse,24,Hosted by Shannon,N,"California, CA ·",221,6
"In The Heart of Waikiki,Quiet,Cozy and Clean",Oahu,Entire apartment,,Hosted by Frank,Y,"Honolulu, HI ·",118,2
Sweet Studio surrounded by Nature,Oahu,Entire guesthouse,25,Hosted by Aubrey,Y,"Honolulu, HI ·",246,7
Country House on orchard farm,Oahu,Entire cottage,,Hosted by Daniel,Y,"Haleiwa, HI ·",170,6
THE HAPPIEST SPACE - WAIKIKI SMILES,Oahu,Entire apartment,23,Hosted by Kurt,Y,"Honolulu, HI ·",929,9
Kealakekua Bay Cottage With A View!,Big Island,Entire cabin,,Hosted by Peter And Barbara,Y,"Big Island or Hawaii, HI ·",368,7
Sunset Beach Temple Treehouse !!!,Oahu,Treehouse,,Hosted by John,Y,"Oahu, HI ·",823,9
**MAGICAL LAVA TEMPLE with EPIC Volcano Views**,Big Island,Entire cottage,30,Hosted by Jade,Y,"Big Island HAWAII , HI ·",830,9
"Artistic Cabin, In the Forest!",Big Island,Entire cabin,19,Hosted by Anzu,Y,"Hilo, HI ·",381,6
"Ocean view, Amazing Pool, Free wifi & Parking",Kauai,Entire apartment,32,Hosted by Mary,Y,"Kauai Hawaii, HI ·",349,6
~Seaside to Summit~Kona Hawaii USA~,Big Island,Entire guest suite,,Hosted by Trish,Y,"Kailua-Kona, HI ·",195,8
"""HANALEI GETAWAY"" SPECTACULAR VIEWS HBR 8131",Kauai,Entire condominium,28,Hosted by Wade,N,"Huntington Beach, CA ·",893,9
Steps to Charley Young Beach Apt #6,Maui,Entire apartment,29,Hosted by Thomas,Y,"Hawaii, HI ·",908,3
"Downtown Clean, Waikiki is close!!",Oahu,Private room in house,,Hosted by Saranya,Y,"Honolulu, HI ·",412,3
Oceanview/Cozy/Spacious/Charming,Oahu,Private room in house,25,Hosted by Janina,Y,"Kaaawa, HI ·",252,6
Open Space Triangle House Ocean . Stars . Explore,Big Island,Entire house,31,Hosted by SherylRose,N,"California, CA ·",680,6
Waterfront Hawaii Kai bed + bath,Oahu,Private room in house,,Hosted by James And Naomi,Y,"Honolulu, HI ·",652,4
Shaka by the Beach,Oahu,Entire guesthouse,,Hosted by Michele,Y,"Ewa Beach, HI ·",388,5
Idyllic Honaunau Standard Room with Mountain Views,Big Island,Private room in house,25,Hosted by Rhonda,Y,"Captain Cook, HI ·",792,6
Paradise Studio Walk to Beach,Oahu,Entire house,,Hosted by Hannah,Y,"Kailua, HI ·",284,5
Private Kaneohe Bay Studio,Oahu,Entire guest suite,32,Hosted by Brett And Kimberley,Y,"Kaneohe, HI ·",205,6
Lux Modern Home . Star Gazing . Ocean & Explore,Big Island,Entire house,34,Hosted by SherylRose,N,"California, CA ·",680,6
MAUI LAHAINA OCEAN FRONT STUDIO! NEAR NAPILI!,Maui,Entire condominium,26,Hosted by Jay,N,"Los Angeles, CA ·",1920,7
Ocean ∘ City ∘ Mountain views in the ❤️ of Waikiki,Oahu,Entire condominium,,Hosted by Jen & David,,,73,1
Private Garden Studio with Ocean Views in Na'alehu,Big Island,Entire guest suite,34,Hosted by Paul,,,853,6
Ocean ∘ City ∘ Mountain views in the ❤️ of Waikiki,Oahu,Entire condominium,,Hosted by Jen & David,,,73,1
"""Surf Suite"", cozy studio apt",Maui,Entire condominium,,Hosted by Bill & Tracey,N,"St Albert, Canada ·",320,8
5 minute walk to Magic Sands Beach!,Big Island,Entire guest suite,22,Hosted by Paul,Y,"Kailua-Kona, HI ·",468,5
"Awesome View 10-15 min. to Kona, Treehouse Room #4",Big Island,Private room in guesthouse,21,"Hosted by Antoinette, Johnny & Luna",Y,"Hōlualoa, HI ·",1505,6
Dwell-Style Mountain Retreat!,Oahu,Entire guesthouse,,Hosted by Doug,Y,"Honolulu, HI ·",132,6
The House in the Clouds,Big Island,Entire apartment,,Hosted by Kristin,Y,"Volcano, HI ·",396,4
VIEWS VIEWS VIEWS~ Cheapest OCEANFRONT CONDO \ooo/,Maui,Entire condominium,,Hosted by Maui Vacation,Y,"Wailuku, HI ·",175,5
28F Panorama Ocean View Studio with Full Kitchen!,Oahu,Entire condominium,,Hosted by Nobu,Y,"Honolulu, HI ·",1393,4
Peaceful House in Kona Paradise,Big Island,Entire house,,Hosted by Delphine,Y,"Captain Cook, HI ·",308,6
Kawelo Hale Kai Ocean Front Suite,Oahu,Entire guesthouse,25,Hosted by Alexi Kawelo,Y,"Kaneohe, HI ·",1,3
"Romantic Garden Cottage,View! Pool!",Kauai,Entire cottage,36,Hosted by Jeffrey,N,"Los Angeles, CA ·",710,6
"Bamboo Temple, views to dream, walk to waterfall!",Maui,Entire cabin,,Hosted by Jennifer & Kutira,Y,"Huelo HI, HI ·",392,6
"Private acommodation, Mountain and Ocean views",Maui,Entire bungalow,,Hosted by Farm,Y,"Hana, HI ·",650,5
Highrise studio w/ incredible views,Oahu,Entire apartment,22,Hosted by William,Y,"Honolulu, HI ·",706,4
Balinese Elegance Close to Beach,Big Island,Entire loft,,Hosted by Justin,N,"San Francisco, CA ·",1985,8
"Cozy Cottage, Room #1",Oahu,Private room in house,,Hosted by Allison & Gary,Y,"Hawaii, HI ·",1511,6
"Ocean Gem w/Big Ocean View, Amazing Pool Free Wifi",Kauai,Entire apartment,33,Hosted by Mary,Y,"Kauai Hawaii, HI ·",349,6
"Oceanfront w/ Pool, Hear the Waves, Strong WIFI",Maui,Private room in condominium,,Hosted by BethAnn,Y,"Maalaea, HI ·",254,4
Newly Renovated 2 Bed 2 Bath family-friendly Cond,Oahu,Entire apartment,45,Hosted by Masa,N,"Sendai, Japan ·",233,5
Kona Studio & Pool,Big Island,Entire guest suite,32,Hosted by Laura,Y,"Kailua-Kona, HI ·",371,4
THE GRAND EXPERIENCE,Oahu,Entire apartment,23,Hosted by Kurt,Y,"Honolulu, HI ·",929,9
STUDIO OCEAN VIEW FREE WIFI EXC LOC TAX INCLUDED,Oahu,Entire apartment,30,Hosted by Olivier,Y,"Honolulu, HI ·",1107,6
Kona Town Oasis,Big Island,Private room in house,,Hosted by Marc,Y,"Kailua-Kona, HI ·",556,4
"Hanalei Bay Resort 1513, Quiet Hotel Suite",Kauai,Entire condominium,,Hosted by Cory,N,"Houston, TX ·",299,3
Leilani Pahoa : Naturist Beach : Allergy Friendly,Big Island,Entire cottage,29,Hosted by Babette,Y,"Hawaii, HI ·",212,8
••61M•• Private BED ROOM girls only mid of WAIKIKI,Oahu,Private room in apartment,,Hosted by Tomoko,Y,"Honolulu, HI ·",2622,6
Amazing Studio/Spectacular view/Heart of Waikiki,Oahu,Entire apartment,34,Hosted by Saichi,Y,"Honolulu, HI ·",913,5
Romantic Bliss Maui,Maui,Entire apartment,36,Hosted by Tracy,Y,"Sunny Kihei in Maui, HI ·",502,10
Ocean View Cottage in private member assoissiation,Maui,Entire bungalow,,Hosted by Farm,Y,"Hana, HI ·",650,5
Beautiful Oceanfront sunny Waikiki,Oahu,Room in hotel,33,Hosted by Dana,Y,"Kailua-Kona, HI ·",556,9
Tropical & Airy By the Beach,Big Island,Private room in house,,Hosted by Dan,Y,"Kailua-Kona, HI ·",13,5
Cozy Tropical Retreat,Oahu,Entire guesthouse,,Hosted by Alfon,Y,"Honolulu, HI ·",126,4
"Cozy Cottage, Room #2",Oahu,Private room in house,33,Hosted by Allison & Gary,Y,"Hawaii, HI ·",1511,6
Luxury Vacation Walk to Beach Ocean Condo Maui HI,Maui,Entire condominium,,Hosted by Rebecca,,,260,5
Treehouse Ohana,Big Island,Private room in guest suite,,Hosted by James & Keiko,Y,"Kailua-Kona, HI ·",259,7
Lovely Bedroom In Sunny Waikiki,Oahu,Private room in condominium,31,Hosted by Kumiko,Y,"Honolulu, HI ·",,3
Peaceful Balinese Teak Cottage and Gardens,Big Island,Entire cottage,,Hosted by Suzanne,Y,"Pāhoa, HI ·",288,7
"Chandy's Place, ""elua"" two",Big Island,Private room in house,,Hosted by Chandy,Y,"Kailua-Kona, HI ·",979,5
"Breathe in Beauty, Peace and Light",Big Island,Entire house,23,Hosted by Konrad & Robert,Y,"Pāhoa, HI ·",436,6
Lucy Fan Ohana - A Maui Gem!,Maui,Entire apartment,39,Hosted by Judit & Tim,Y,"Haiku, HI ·",313,6
Beautiful 90° Ocean View,Maui,Entire condominium,,Hosted by Ingrid,N,"Burnaby, Canada ·",178,3
Steps to Charley Young Beach Apt #1,Maui,Entire apartment,30,Hosted by Thomas,Y,"Hawaii, HI ·",998,3
Newly Renovated Studio in Heart of Princeville!,Kauai,Entire apartment,28,Hosted by Juliana,Y,"Princeville, HI ·",568,4
North Shore Glamping,Molokai,Tent,,Hosted by Scott And Melissa,Y,"Waialua, HI ·",611,7
OCEANFRONT GET-A-WAY,Maui,Entire apartment,,Hosted by Robert,N,"Anola, Canada ·",148,6
Cool Newly Renovated Studio! 10 Minutes to Hanalei,Kauai,Entire condominium,,Hosted by Carla,Y,"Kilauea, HI ·",174,3
"MOLOKAI, OCEAN VIEW 1 BD + LOFT BD, not on MAUI",Molokai,Entire apartment,,Hosted by Jay,N,"San Clemente, CA ·",220,5
Sunset Beach Surf Cabin North shore,Oahu,Entire cabin,,Hosted by John,Y,"Oahu, HI ·",823,9
"Beautiful North Shore Oahu, 3 Beds!",Oahu,Entire guesthouse,,Hosted by Rainey,Y,"Haleiwa, HI ·",335,8
2 BEDROOM OCEAN FRONT AMAZING VIEW,Kauai,Entire condominium,40,Hosted by Michael,Y,"Kapaa, HI ·",204,7
Contemporary Family Condo (Princeville),Kauai,Entire condominium,36,Hosted by Kevin,N,"San Francisco, CA ·",292,6
2 BR Condo 2 Blocks to Best Beaches in Kihei Maui,Maui,Entire condominium,40,Hosted by Thomas,Y,"Kihei, HI ·",318,2
Beautiful Studio w/ Stunning Views,Oahu,Entire condominium,25,Hosted by William,Y,"Honolulu, HI ·",708,4
Beachside Studio,Molokai,Entire guest suite,,Hosted by Amy,Y,"Waialua, HI ·",328,5
Kailua Ocean Breeze Beach Studio,Oahu,Entire guesthouse,,Hosted by Frank,Y,"Kailua, HI ·",729,8
"Hula Hale, North Shore, Maui",Maui,Entire apartment,,Hosted by Claire & Billy,Y,"Haiku-Pauwela, HI ·",374,8
Little Studio by the Sea (A/C & bikes),Oahu,Entire guest suite,,Hosted by Polly,Y,"Haleiwa, HI ·",259,6
King Bdrm w/private bath/ocean view,Oahu,Private room in house,,Hosted by MiMi,Y,"Honolulu, HI ·",151,3
"""Dancing Turtle""",Maui,Private room in bed and breakfast,27,Hosted by Maxi,Y,"Kihei, HI ·",350,4
~RAINBOW SUNRISE~ LEGAL IN RESORT ZONE,Oahu,Entire apartment,,Hosted by Gina,Y,"Honolulu, HI ·",1574,8
WAIKIKI Panoramic OCEAN VIEW Studio,Oahu,Entire apartment,,Hosted by Nicholas,Y,"Honolulu, HI ·",179,5
Luana Waikiki Hotel - Ocean View & Modern style,Oahu,Room in boutique hotel,,Hosted by Phillip,Y,"Honolulu, HI ·",194,2
Cute and completely private studio,Oahu,Entire guest suite,,Hosted by Shiori,Y,"Honolulu, HI ·",485,5
Hale ‘Apapane in beautiful Volcano,Big Island,Entire house,36,Hosted by Mark,N,"San Francisco, CA ·",488,8
Spacious condo close to beach,Maui,Entire apartment,21,Hosted by Viktoria,Y,"Kihei, HI ·",4491,6
Paradise Awaits You @ TRACY’S TROPICAL TREASURE #4,Maui,Entire apartment,26,Hosted by Tracy,Y,"Sunny Kihei in Maui, HI ·",502,10
Cottage studio with ocean view,Maui,Entire bed and breakfast,,Hosted by Art And Lynnette,Y,"Kula, HI ·",581,5
"Amazing Sunset, Amazing Hanauma Bay",Oahu,Entire house,,Hosted by Meera,Y,"Honolulu, HI ·",406,7
Sunrise Hana Beach Studio,Maui,Entire apartment,,Hosted by Tania And Kaua,Y,"Hana, HI ·",938,2
Haliewa Alii Beach Surfer's Studio,Oahu,Entire guesthouse,21,Hosted by Damon,Y,"Haleiwa, HI ·",264,4
"""THE""OCEAN VIEW IN HAWAII PARADISE!",Oahu,Entire apartment,,Hosted by Pia,Y,On the premises where unit is listed ·,243,6
"Great value, nice Kihei condo",Maui,Entire apartment,18,Hosted by Viktoria,Y,"Kihei, HI ·",4491,6
Waterfront Retreat by the Sea,Oahu,Entire guest suite,,Hosted by Beccy,Y,"Hauula, HI ·",181,4
A slice of Aloha in Historic Downtown Kona Hawaii,Big Island,Entire apartment,,Hosted by Nev,N,"Manhattan Beach, CA ·",366,7
Direct Ocean & Beachfront Studio,Kauai,Entire condominium,28,Hosted by Khaled & Heather,Y,"Kapaa, HI ·",350,5
"Great Value, Waikiki Studio, Convenient Spot!",Oahu,Entire condominium,,Hosted by Justin,Y,"Honolulu, HI ·",229,6
"Paauilo, Far From the Madding Crowd",Big Island,Entire guesthouse,,Hosted by Baki And Bailey,Y,"Kamuela, HI ·",240,7
Slice Of Paradise (New Ocean Front),Molokai,Entire guest suite,23,Hosted by Flynn,Y,"Hawaii, HI ·",159,2
Napili bay studio All taxes included,Maui,Entire condominium,35,Hosted by Ruben,Y,"Hawaii, HI ·",146,2
Beautifully updated ocean front condo,Kauai,Entire condominium,31,Hosted by Carolyn & Aart,N,"California, CA ·",122,3
THE LOTUS GARDEN-Sweet Room/Downtown Hilo,Big Island,Private room in cottage,11,Hosted by Megan,Y,"Hilo, HI ·",1819,7
3 bed/2 bath Oceanfront Bungalow,Oahu,Entire house,21,Hosted by The Turner Family,Y,"Ewa Beach, HI ·",717,7
❤️'s Room ✔Ocean View ✔Lanai ✔Steps2 Beach ✔Wifi,Oahu,Entire serviced apartment,40,Hosted by Francisco,Y,"Honolulu, HI ·",1670,7
Upscale Condo at Maui Vista Resort with Ocean View,Maui,Entire condominium,37,Hosted by Anthony,Y,"Kihei, HI ·",116,2
"SEASIDE CONDO Ocean View Free wifi, Oceanside Pool",Kauai,Entire condominium,35,Hosted by Mary,Y,"Kauai Hawaii, HI ·",349,6
Private Room with private entrance,Oahu,Private room in house,,Hosted by Kenny,Y,"Honolulu, HI ·",581,5
Discount!! Cozy Condo by beach Waikiki Grand Hotel,Oahu,Entire apartment,35,Hosted by Stellavera Kilcher & Michael,Y,"Honolulu, HI ·",244,4
Simple Serenity by the Sea - Mahalo,Oahu,Tiny house,,Hosted by Lori And Tunji,Y,"Hawaii, HI ·",209,5
LivingHealthyWithChocolate's Guest House,Oahu,Entire guesthouse,,Hosted by LivingHealthyWithChocolate,Y,"Waialua, HI ·",268,3
THE LOTUS GARDEN-Sweet Room/Downtown Hilo,Big Island,Private room in cottage,11,Hosted by Megan,Y,"Hilo, HI ·",1819,7
Beautifully updated ocean front condo,Kauai,Entire condominium,31,Hosted by Carolyn & Aart,N,"California, CA ·",122,3
Kaua'i Princeville at Hanalei Condo with AC,Kauai,Entire apartment,,Hosted by Teddy,Y,"Kapaa, HI ·",1089,4
Sweet Upstairs Corner Ocean View Studio on Molokai,Molokai,Entire condominium,22,Hosted by Sharon,N,"Seattle, WA ·",126,5
"Kihei Maui Studio Condo,King bed, from $60 *2",Maui,Entire condominium,,Hosted by Aaron,N,"Morrison, CO ·",277,7
"One Bdrm Apt, Steps to Hukilau Beach, A/C",Oahu,Entire guest suite,,Hosted by Kelly,Y,"Laie, HI ·",365,4
★ Huge 3br/3ba ★ Amazing Ocean Views ★ Top rated ★,Big Island,Entire apartment,,Hosted by Marcus,Y,"Kailua-Kona, HI ·",126,7
Ocean View Studio in Fabulous Waikiki Beach!,Oahu,Private room in condominium,38,Hosted by Larry,Y,"Honolulu, HI ·",1162,3
NICE STUDIO FREE WIFI EXC LOCATION TAX INCLUDED,Oahu,Entire apartment,29,Hosted by Olivier,Y,"Honolulu, HI ·",1107,6
Hobbit Hut,Oahu,Entire bed and breakfast,,Hosted by Casey & Shae,Y,"Waialua, HI ·",1110,6
"Convenient Location, Waikiki Studio",Oahu,Entire condominium,,Hosted by Justin,Y,"Honolulu, HI ·",229,6
3bd/2bath Modern Home by Beach and Mountains,Oahu,Entire house,40,Hosted by Damaris,Y,"Hauula, HI ·",393,5
Charming Beach #2 Cabana Room Single,Kauai,Private room in apartment,,Hosted by Solveig,Y,"Kauai, HI ·",514,5
1 bedroom Center of Waikiki Free ParkingWifi,Oahu,Entire condominium,42,Hosted by Ewa,Y,"Honolulu, HI ·",215,4
The Ohana Studio,Oahu,Entire house,24,Hosted by Brian,Y,"Honolulu, HI ·",358,4
Steps to Charley Young Beach Apt #3,Maui,Entire apartment,29,Hosted by Thomas,Y,"Hawaii, HI ·",998,3
Waikiki Banyan Amazing Ocean View w/Free Parking,Oahu,Entire condominium,39,Hosted by Liping,,United States ·,179,4
25th Fl. Ocean Views | 1 Block to Beach | WiFi,Oahu,Entire condominium,30,Hosted by Midway Realty LLC,Y,"Honolulu, HI ·",1434,4
New! Bali Hai Studio w/ pool + jacuzzi @the Cliffs,Kauai,Entire condominium,33,Hosted by Nathalie,Y,"Kilauea, HI ·",174,7
Off Grid Hale,Oahu,Entire bed and breakfast,,Hosted by Casey & Shae,Y,"Waialua, HI ·",1110,6
Hawaii Surf Inspired Home,Oahu,Entire house,,Hosted by Meg,Y,"Hauula, HI ·",425,6
*Maui Vista Condo*Bldg2* Great Location*Sleeps 4-5,Maui,Entire condominium,,Hosted by Deirdre,N,"Berkeley, CA ·",131,6
#1 TRACY’S TROPICAL TREASURES:VOTED #1 IN MAUI!,Maui,Entire apartment,34,Hosted by Tracy,Y,"Sunny Kihei in Maui, HI ·",502,10
Luxurious Ocean View Cottage,Maui,Entire guesthouse,,Hosted by Anna,Y,"Makawao, HI ·",199,3
Tropical Gardens; Pool & Hot Tub; Walk to Beach!,Maui,Entire condominium,,Hosted by Alexa,Y,"Makawao, HI ·",523,3
Spacious 2BR/2 Bath Condo ~ 75 step to the beach,Maui,Entire condominium,32,Hosted by June,N,"Union City, CA ·",212,7
NEW!! Hanalei Hideaway North Shore condo,Kauai,Entire condominium,31,Hosted by Cristy,Y,"Hanalei, HI ·",199,2
Healing Hawaii Ocean 2 big beds Free Parking ~~,Oahu,Entire apartment,38,Hosted by Sammie,Y,"Honolulu, HI ·",186,2
"OCEAN VIEW 1BLK2BEACH,LANAI A/C,FULL KITCH,CENTRAL",Oahu,Private room in condominium,18,Hosted by Lynne,Y,"Honolulu, HI ·",303,11
Orchard Oasis,Oahu,Entire bed and breakfast,,Hosted by Casey & Shae,Y,"Waialua, HI ·",1110,6
Newly Renovated 2 Bd family-friendlyCond w/Parking,Oahu,Entire apartment,43,Hosted by Masa,N,"Sendai, Japan ·",233,5
SUITE DREAMS MAUI,Maui,Entire apartment,37,Hosted by Tracy,Y,"Sunny Kihei in Maui, HI ·",502,10
Enjoy Waking Up to a Beautiful View,Oahu,Entire apartment,35,Hosted by Gina,Y,"Honolulu, HI ·",246,5
"Large condo in heart of Waikiki, steps to beach",Oahu,Entire apartment,35,Hosted by Nigel,Y,"Honolulu, HI ·",556,3
Clear ☺︎cean view pvt Lanai✔ steps2 beach✔ WIFI,Oahu,Entire serviced apartment,34,Hosted by Francisco,Y,"Honolulu, HI ·",1670,7
Fun in the sun and beach at cozy Kihei get away!,Maui,Private room in condominium,,Hosted by Louise,Y,"Kihei, HI ·",188,3
New!! Hanalei Haven North Shore condo,Kauai,Entire condominium,35,Hosted by Cristy,Y,"Hanalei, HI ·",199,2
Surfers & Writers Paradise Studio,Oahu,Entire apartment,,Hosted by Betsy,Y,"Haleiwa, HI ·",469,8
Steps to Charley Young Beach Apt #2,Maui,Entire apartment,31,Hosted by Thomas,Y,"Hawaii, HI ·",998,3
Room in Upcountry Home close to Haleakala and Hana,Maui,Private room in house,18,Hosted by Justin,Y,"Hawaii, HI ·",204,3
Aqua Blue Hawaii - A Beautiful North Shore Home.,Oahu,Entire cottage,,Hosted by Jojo,Y,"Laie, HI ·",146,2
BEAUTIFUL STUDIO FREE WIFI EXC LOC TAX INCLUDED,Oahu,Entire apartment,29,Hosted by Olivier,Y,"Honolulu, HI ·",1107,6
CHARM STUDIO EXC LOCATION FREE WIFI TAX INCLUDED,Oahu,Entire apartment,30,Hosted by Olivier,Y,"Honolulu, HI ·",1107,6
Beach Front Apartment,Oahu,Entire apartment,14,Hosted by Nic,N,"Sorrento, Australia ·",171,4
Steps to Charley Young Beach Apt #5,Maui,Entire apartment,27,Hosted by Thomas,Y,"Hawaii, HI ·",998,3
NEW! Romantic North Shore Honeymooners Condo,Kauai,Entire apartment,,Hosted by Teddy,Y,"Kapaa, HI ·",1089,4
☼☼ Here Today Gone To Maui!☼☼,Maui,Entire condominium,21,Hosted by Candice,Y,"Kihei, HI ·",520,6
Waikiki Studio - Just Steps to the Beach and Zoo!,Oahu,Entire condominium,36,Hosted by Matt,Y,"Kaneohe, HI ·",1093,4
Waikiki Ocean View Studio w Parking,Oahu,Entire apartment,42,Hosted by Caroline,Y,"Honolulu, HI ·",273,4
Private Room upstairs in two-story house.,Big Island,Private room in house,21,Hosted by Shelly,Y,"Kailua-Kona, HI ·",531,4
☼☼ Here Today Gone To Maui!☼☼,Maui,Entire condominium,21,Hosted by Candice,Y,"Kihei, HI ·",520,6
Private Tropical Suite,Kauai,Entire guest suite,28,Hosted by Beatrice & John,Y,"Kauai, HI ·",506,8
Sacred Falls STUDIO,Oahu,Entire cottage,,Hosted by Dolly,Y,"Laie, HI ·",697,6
SuperHosts! Charming Studio all to Yourself!,Kauai,Entire apartment,,Hosted by Sky & Lani,Y,"Kaua'i, HI ·",471,8
Welcome to Paikapahu,Big Island,Private room in nature lodge,,Hosted by Ken And Courtney,Y,"Kealakekua, HI ·",760,6
Sharks Cove_Ke Iki Beach,Oahu,Entire guesthouse,,Hosted by Adriana,Y,"Haleiwa, HI ·",221,4
"Aina Nalu Resort Studio, AC, wifi, 2 pools",Maui,Entire condominium,,Hosted by Kathleen,Y,"Maui, HI ·",197,6
Modern Waikiki Studio with Ocean Views 29B,Oahu,Entire apartment,,Hosted by Sean,Y,"Honolulu, HI ·",886,5
Cozy Waialua Getaway,Oahu,Entire cabin,,Hosted by Mahina And Cristian,Y,"Waialua, HI ·",244,5
Outside entry to air conditioned private bed/bath,Kauai,Private room in house,,Hosted by Glenn,Y,"Princeville, HI ·",279,3
Kuau Paradise Condo with Balcony,Maui,Entire condominium,33,Hosted by Cherie,Y,"Makawao, HI ·",238,4
Napili Cottage Style Studio,Maui,Entire condominium,33,Hosted by Doug & Diana,N,Northern California ·,163,4
Kula Treat - Upcountry Maui with Hot Tub!,Maui,Entire apartment,,Hosted by Pamela,Y,"Kula, HI ·",834,5
"Gianna's Place-Sparkling Pool, Jacuzzi, BBQ",Kauai,Entire condominium,25,Hosted by Sydney,N,"Soquel, CA ·",157,4
"OCEANFRONT, Amazing View, NAPILI - LAHAINA, Maui",Maui,Entire condominium,,Hosted by Ryan,N,"Boise, ID ·",99,1
"B&B.....A place to yourself ....""almost"".... :)",Oahu,Private room in condominium,25,Hosted by Pamela,Y,"Waialua, HI ·",355,6
"Sweeping ocean view, great beach",Oahu,Entire condominium,21,Hosted by Cyndia,N,"Olympia, WA ·",89,4
Great 1 Bdrm Across fr Beach OceanView! Start $129,Maui,Entire apartment,,Hosted by Romelle,Y,"Kihei, HI ·",242,9
Newly Renovated Northshore Condo,Kauai,Entire apartment,,Hosted by Carla,Y,"Kilauea, HI ·",174,3
~The Surf Shack~ with breathtaking ocean views!!,Kauai,Entire condominium,36,Hosted by Kasey,Y,"Princeville, HI ·",78,5
Sealodge Ocean Front 2 Bdroom Condo,Kauai,Entire condominium,26,Hosted by Tim And Cathy,N,"Long Beach, CA ·",287,8
The Hibiscus Room,Oahu,Private room in house,21,Hosted by J,Y,"Honolulu, HI ·",723,5
Kauai Kailani...steps to the beach!,Kauai,Entire condominium,21,Hosted by Lisa,N,"El Cerrito, CA ·",118,3
"Ho'okipa Hideaway, North Shore Maui",Maui,Entire guest suite,,Hosted by Claire & Billy,Y,"Haiku-Pauwela, HI ·",374,8
Luxurious 2 Br Oceanside Cottage.,Molokai,Entire cottage,34,Hosted by Seth,Y,"Honolulu, HI ·",99,4
Princeville at Hanalei Condo,Kauai,Entire apartment,,Hosted by Teddy,Y,"Kapaa, HI ·",1089,4
New!! Hanalei Bay Penthouse with Ocean Views,Kauai,Entire loft,36,Hosted by Krissy,Y,"Hanalei, HI ·",144,1
Romantic Beachfront Getaway,Maui,Entire apartment,,Hosted by Craig,N,"Los Angeles, CA ·",172,6
Makai Hideaway,Big Island,Entire house,36,Hosted by Cheryl,N,"Escondido, CA ·",140,6
Pay 3 star hotel but stay 4/5 hotel.,Oahu,Entire condominium,30,Hosted by Young,Y,"Honolulu, HI ·",140,3
Modern Tropical Residence w Indoor/Outdoor Living,Kauai,Entire guest suite,26,Hosted by Emily & Rob,Y,"Princeville, HI ·",297,9
Modern Tropical Residence w Indoor/Outdoor Living,Kauai,Entire guest suite,26,Hosted by Emily & Rob,Y,"Princeville, HI ·",297,9
"Ocean View, Quiet Beach, Free Pkg, Walk to Town",Kauai,Entire condominium,31,Hosted by Tony,N,"Carlsbad, CA ·",289,4
Luxurious Waterfront Bungalow #1 w/ Screened Lanai,Kauai,Entire apartment,21,Hosted by Michael & Paula,Y,"Kapaa, HI ·",295,5
Charming Getaway in Princeville,Kauai,Entire apartment,,Hosted by Sarah,N,"Berkeley, CA ·",440,7
"Ocean Front Luxury Condo, free WIFI, Kuleana",Maui,Entire apartment,,Hosted by Nina & Anders,N,"San Francisco, CA ·",203,8
One Room and Private Bathroom - Great for Hikers,Kauai,Private room in guest suite,14,Hosted by James,Y,"Princeville, HI ·",435,5
Studio in Heart of Princeville!,Kauai,Entire apartment,23,Hosted by Juliana,Y,"Princeville, HI ·",568,4
Oh-So-Close to Waikīkī Beach Condo (100% LEGAL),Oahu,Entire apartment,42,Hosted by Ashlee,Y,"Honolulu, HI ·",368,4
Modern Beach Home Laie North Shore,Oahu,Entire guest suite,23,Hosted by Geoff,Y,"Laie, HI ·",700,7
Luana Kai Oceanfront Condo by Owner,Maui,Entire condominium,,Hosted by Donald,N,"Freeport, NY ·",337,10
"Full condo, oceanfront resort",Maui,Entire condominium,26,Hosted by Mary,N,"Halifax, Canada ·",185,3
KAI at Pohailani Condo on MAUI 2br,Maui,Entire condominium,35,Hosted by Lori,Y,"Lahaina, HI ·",164,7
Honolulu Historic Home Manoa Valley,Oahu,Entire loft,19,Hosted by Kathleen,Y,"Honolulu, HI ·",253,7
"Luxury cottage Kailua Lanikai Beaches , A/C",Oahu,Entire cottage,,Hosted by Zenobia,Y,"Hawaii, HI ·",209,5
BRAND NEW STUDIO IN SUNNY KIHEI,Maui,Entire condominium,,Hosted by Stewart,,,159,3
Beautiful & Spacious Wailea Condo!! Walk to beach,Maui,Entire condominium,34,Hosted by Ashley,N,"Connecticut, CT ·",441,3
PIPELINE solar home MONTHLY bookings only,Oahu,Entire bungalow,,Hosted by Meleana,Y,"Haleiwa, HI ·",364,8
Little Piece of Paradise,Maui,Private room in house,,Hosted by Phil,Y,"Maui, HI ·",502,6